<?xml version="1.0"?>
<wp_revamp4_option_tree>
  <row>
    <id>1</id>
    <item_id>general_default</item_id>
    <item_title>General Settings</item_title>
    <item_desc></item_desc>
    <item_type>heading</item_type>
    <item_options></item_options>
    <item_sort>1</item_sort>
  </row>
  <row>
    <id>2</id>
    <item_id>rb_logo_path</item_id>
    <item_title>Logo</item_title>
    <item_desc>Upload a logo for your site. It should be around 125x35, for the best results.</item_desc>
    <item_type>upload</item_type>
    <item_options></item_options>
    <item_sort>2</item_sort>
  </row>
  <row>
    <id>3</id>
    <item_id>rb_favicon</item_id>
    <item_title>Favicon</item_title>
    <item_desc>Upload a 16x16 .ico image as your favicon.</item_desc>
    <item_type>upload</item_type>
    <item_options></item_options>
    <item_sort>3</item_sort>
  </row>
  <row>
    <id>5</id>
    <item_id>rb_footer_text</item_id>
    <item_title>Sidebar copyright</item_title>
    <item_desc>Write a line of text to appear at the bottom of the sidebar.</item_desc>
    <item_type>input</item_type>
    <item_options></item_options>
    <item_sort>4</item_sort>
  </row>
  <row>
    <id>6</id>
    <item_id>rb_tracking_code</item_id>
    <item_title>Tracking Code</item_title>
    <item_desc>Paste your Google Analytics or any other tracking code here.</item_desc>
    <item_type>textarea</item_type>
    <item_options>4</item_options>
    <item_sort>5</item_sort>
  </row>
  <row>
    <id>7</id>
    <item_id>rb_ie7</item_id>
    <item_title>IE7 Error Message</item_title>
    <item_desc>Write a message to display when a user with an old browser opens your website.</item_desc>
    <item_type>textarea</item_type>
    <item_options>4</item_options>
    <item_sort>6</item_sort>
  </row>
  <row>
    <id>37</id>
    <item_id>style_settings</item_id>
    <item_title>Style Settings</item_title>
    <item_desc></item_desc>
    <item_type>heading</item_type>
    <item_options></item_options>
    <item_sort>7</item_sort>
  </row>
  <row>
    <id>4</id>
    <item_id>rb_site_style</item_id>
    <item_title>Sidebar style</item_title>
    <item_desc>This controls the main style of the theme, given by the sidebar&amp;#039;s color.</item_desc>
    <item_type>select</item_type>
    <item_options>Orange, Light, Dark</item_options>
    <item_sort>8</item_sort>
  </row>
  <row>
    <id>39</id>
    <item_id>rb_sidebar_autoclose2</item_id>
    <item_title>Sidebar behaviour</item_title>
    <item_desc>Choose whether you want the sidebar to auto close on mouse movements, or if you want it to stick on the page unless the user closes it manually.</item_desc>
    <item_type>select</item_type>
    <item_options>Autohide, Stick</item_options>
    <item_sort>9</item_sort>
  </row>
  <row>
    <id>38</id>
    <item_id>rb_layout_center</item_id>
    <item_title>Layout align</item_title>
    <item_desc>Choose whether you want the pages &amp;amp; posts to be left or centered aligned.</item_desc>
    <item_type>select</item_type>
    <item_options>Left, Center</item_options>
    <item_sort>10</item_sort>
  </row>
  <row>
    <id>40</id>
    <item_id>rb_images_fit</item_id>
    <item_title>Portrait images resizing</item_title>
    <item_desc>Choose the way how the portrait images from all fullscreen galleries will react to stage resizing.</item_desc>
    <item_type>select</item_type>
    <item_options>Fill, Fit</item_options>
    <item_sort>11</item_sort>
  </row>
  <row>
    <id>41</id>
    <item_id>rb_blog_layout</item_id>
    <item_title>Blog layout</item_title>
    <item_desc>Choose a layout for the blog listing page.</item_desc>
    <item_type>select</item_type>
    <item_options>Default, Full</item_options>
    <item_sort>12</item_sort>
  </row>
  <row>
    <id>8</id>
    <item_id>rb_porto</item_id>
    <item_title>Portfolio Settings</item_title>
    <item_desc></item_desc>
    <item_type>heading</item_type>
    <item_options></item_options>
    <item_sort>13</item_sort>
  </row>
  <row>
    <id>9</id>
    <item_id>rb_portfolio_page</item_id>
    <item_title>Portfolio Page</item_title>
    <item_desc>Please choose the page which you created as a portfolio holder(the portfolio page template).</item_desc>
    <item_type>page</item_type>
    <item_options></item_options>
    <item_sort>14</item_sort>
  </row>
  <row>
    <id>10</id>
    <item_id>rb_gallery_page</item_id>
    <item_title>Gallery Page</item_title>
    <item_desc>Please choose the page which you created as a gallery holder(the gallery page template).</item_desc>
    <item_type>page</item_type>
    <item_options></item_options>
    <item_sort>15</item_sort>
  </row>
  <row>
    <id>11</id>
    <item_id>page_titles</item_id>
    <item_title>Blog Settings</item_title>
    <item_desc></item_desc>
    <item_type>heading</item_type>
    <item_options></item_options>
    <item_sort>16</item_sort>
  </row>
  <row>
    <id>12</id>
    <item_id>rb_blog_link</item_id>
    <item_title>Blog page</item_title>
    <item_desc>Please choose the page which you created as a blog posts holder(the blog page template).</item_desc>
    <item_type>page</item_type>
    <item_options></item_options>
    <item_sort>17</item_sort>
  </row>
  <row>
    <id>13</id>
    <item_id>rb_search_tagline</item_id>
    <item_title>Posts Title</item_title>
    <item_desc>Write a title for the individual posts page. This will appear at the top and should fit your blog&amp;#039;s title. It will also be used for categories.</item_desc>
    <item_type>input</item_type>
    <item_options></item_options>
    <item_sort>18</item_sort>
  </row>
  <row>
    <id>14</id>
    <item_id>rb_search2_tagline</item_id>
    <item_title>Search Title</item_title>
    <item_desc>Write a title for the search results page.</item_desc>
    <item_type>input</item_type>
    <item_options></item_options>
    <item_sort>19</item_sort>
  </row>
  <row>
    <id>15</id>
    <item_id>rb_404_tagline</item_id>
    <item_title>404 Title</item_title>
    <item_desc>Write a title for the 404 error page.</item_desc>
    <item_type>input</item_type>
    <item_options></item_options>
    <item_sort>20</item_sort>
  </row>
  <row>
    <id>16</id>
    <item_id>contact_page</item_id>
    <item_title>Contact Settings</item_title>
    <item_desc></item_desc>
    <item_type>heading</item_type>
    <item_options></item_options>
    <item_sort>21</item_sort>
  </row>
  <row>
    <id>17</id>
    <item_id>rb_form_title</item_id>
    <item_title>Form Title</item_title>
    <item_desc>Write a title to appear above the form.</item_desc>
    <item_type>input</item_type>
    <item_options></item_options>
    <item_sort>22</item_sort>
  </row>
  <row>
    <id>18</id>
    <item_id>rb_form_number_input</item_id>
    <item_title>Phone Number(s)</item_title>
    <item_desc>Write your phone number(s) here. Each number needs to be on a new line.</item_desc>
    <item_type>textarea</item_type>
    <item_options>3</item_options>
    <item_sort>23</item_sort>
  </row>
  <row>
    <id>19</id>
    <item_id>rb_form_email_input</item_id>
    <item_title>Email(s)</item_title>
    <item_desc>Write your email address(es) here. Each email needs to be on a new line.</item_desc>
    <item_type>textarea</item_type>
    <item_options>3</item_options>
    <item_sort>24</item_sort>
  </row>
  <row>
    <id>20</id>
    <item_id>rb_form_address_input</item_id>
    <item_title>Address</item_title>
    <item_desc>Write your address here.</item_desc>
    <item_type>textarea</item_type>
    <item_options>3</item_options>
    <item_sort>25</item_sort>
  </row>
  <row>
    <id>21</id>
    <item_id>rb_form_your_email</item_id>
    <item_title>Your email address</item_title>
    <item_desc>Write your email address, so that users can contact you using the contact form.</item_desc>
    <item_type>input</item_type>
    <item_options></item_options>
    <item_sort>26</item_sort>
  </row>
  <row>
    <id>22</id>
    <item_id>rb_form_name_label</item_id>
    <item_title>Form Name Label</item_title>
    <item_desc>Write a label for the form&amp;#039;s name field.</item_desc>
    <item_type>input</item_type>
    <item_options></item_options>
    <item_sort>27</item_sort>
  </row>
  <row>
    <id>23</id>
    <item_id>rb_form_email_label</item_id>
    <item_title>Form Email Label</item_title>
    <item_desc>Write a label for the form&amp;#039;s email field.</item_desc>
    <item_type>input</item_type>
    <item_options></item_options>
    <item_sort>28</item_sort>
  </row>
  <row>
    <id>24</id>
    <item_id>rb_form_message_label</item_id>
    <item_title>Form Message Label</item_title>
    <item_desc>Write a label for the form&amp;#039;s message field.</item_desc>
    <item_type>input</item_type>
    <item_options></item_options>
    <item_sort>29</item_sort>
  </row>
  <row>
    <id>25</id>
    <item_id>rb_form_button_label</item_id>
    <item_title>Form Button Label</item_title>
    <item_desc>Write a label for the form&amp;#039;s submit button.</item_desc>
    <item_type>input</item_type>
    <item_options></item_options>
    <item_sort>30</item_sort>
  </row>
  <row>
    <id>26</id>
    <item_id>rb_form_error</item_id>
    <item_title>Form Error Message</item_title>
    <item_desc>Write some text to show when a user doesn&amp;#039;t fill all fields or the information is incorrectly written.</item_desc>
    <item_type>input</item_type>
    <item_options></item_options>
    <item_sort>31</item_sort>
  </row>
  <row>
    <id>27</id>
    <item_id>rb_form_success</item_id>
    <item_title>Form Success Message</item_title>
    <item_desc>Write some text to show when a user successfully sends you an email.</item_desc>
    <item_type>textarea</item_type>
    <item_options>3</item_options>
    <item_sort>32</item_sort>
  </row>
  <row>
    <id>28</id>
    <item_id>map_settings</item_id>
    <item_title>Map Settings</item_title>
    <item_desc></item_desc>
    <item_type>heading</item_type>
    <item_options></item_options>
    <item_sort>33</item_sort>
  </row>
  <row>
    <id>29</id>
    <item_id>rb_map_display</item_id>
    <item_title>Display Map</item_title>
    <item_desc>Check whether you want to display a map as a background for your contact page.</item_desc>
    <item_type>checkbox</item_type>
    <item_options>Yes</item_options>
    <item_sort>34</item_sort>
  </row>
  <row>
    <id>30</id>
    <item_id>rb_map_lat1</item_id>
    <item_title>Map Latitude</item_title>
    <item_desc>Enter a latitude coordinate for the map&amp;#039;s center.</item_desc>
    <item_type>input</item_type>
    <item_options></item_options>
    <item_sort>35</item_sort>
  </row>
  <row>
    <id>31</id>
    <item_id>rb_map_long1</item_id>
    <item_title>Map Longitude</item_title>
    <item_desc>Enter a longitude coordinate for the map&amp;#039;s center.</item_desc>
    <item_type>input</item_type>
    <item_options></item_options>
    <item_sort>36</item_sort>
  </row>
  <row>
    <id>32</id>
    <item_id>rb_map_pin</item_id>
    <item_title>Marker Image</item_title>
    <item_desc>Add an image if you want to display a custom maker on the map.</item_desc>
    <item_type>upload</item_type>
    <item_options></item_options>
    <item_sort>37</item_sort>
  </row>
  <row>
    <id>33</id>
    <item_id>rb_map_lat2</item_id>
    <item_title>Marker Latitude</item_title>
    <item_desc>Enter a latitude coordinate for the maker.</item_desc>
    <item_type>input</item_type>
    <item_options></item_options>
    <item_sort>38</item_sort>
  </row>
  <row>
    <id>34</id>
    <item_id>rb_map_long2</item_id>
    <item_title>Marker Longitude</item_title>
    <item_desc>Enter a latitude coordinate for the maker.</item_desc>
    <item_type>input</item_type>
    <item_options></item_options>
    <item_sort>39</item_sort>
  </row>
  <row>
    <id>35</id>
    <item_id>backgrounds</item_id>
    <item_title>Backgrounds</item_title>
    <item_desc></item_desc>
    <item_type>heading</item_type>
    <item_options></item_options>
    <item_sort>40</item_sort>
  </row>
  <row>
    <id>36</id>
    <item_id>rb_backgrounds</item_id>
    <item_title>Website backgrounds</item_title>
    <item_desc>Create your custom backgrounds here.
In each page/post you&amp;#039;ll be able to select a background from this list, or you can select a default one from here..</item_desc>
    <item_type>slider</item_type>
    <item_options></item_options>
    <item_sort>41</item_sort>
  </row>
</wp_revamp4_option_tree>
