<?xml version="1.0" encoding="ISO-8859-1"?>

<product productid="metro_theme_management" active="1">
	<title>Metro Theme Management</title>
	<description>vBulletin Metro Theme Management</description>
	<version>1.0.0</version>
	<url>/</url>
	<versioncheckurl></versioncheckurl>
	<dependencies>
	<dependency dependencytype="vbulletin" minversion="4.0.0" maxversion="4.9.9" />
	</dependencies>
	<codes>
	</codes>
	<templates>
		<template name="metro_theme_prefooter_blocks.css" templatetype="template" date="1353888000" username="PixelGoose" version="1.0.0"><![CDATA[/* Prefooter blocks styling */

.prefooter {
	border-collapse: collapse;
	color: #F2F2F2;
}
.column-left {
	background: {vb:stylevar navbar_tab_selected_background};
	vertical-align: top;
	padding: 24px 12px;
}
.column-right {
	background-color: {vb:stylevar link_color};
	padding: 24px 12px;
	border-left: solid 12px #F6F6F6;
	vertical-align: top;
}
.prefooter h6 {
	color: #FFFFFF;
	font-size: 32px;
	font-weight: 300;
	text-transform: lowercase;
	margin-bottom: 6px;
}

.prefooter-block-01, .prefooter-block-02, .prefooter-block-03 {
	/*padding: 24px 12px;*/
}
.prefooter-block-01, .prefooter-block-02 .prefooter-block-03 { 
	-webkit-box-sizing: border-box;
	-moz-box-sizing: border-box;
	box-sizing: border-box;
}
.prefooter-block-01 {
	float: {vb:stylevar left};
	width: 70%;
	padding-right: {vb:stylevar padding};
}
.prefooter-block-01.single {
	width: auto;
	padding-right: 0;
}
.prefooter-block-01 p {
	margin-bottom: 1em;
	line-height: 1.3em;
}
.about-block p:last-child {
	margin-bottom: 0;
}
.prefooter-block-02 {
	float: {vb:stylevar left};
	width: 30%;
}
.prefooter-block-02 li {
	line-height: 1.3em;
	margin-bottom: 6px;
}
.prefooter-right {
	float: {vb:stylevar right};
	width: 244px;
}
.prefooter-block-03 {
	margin-bottom: {vb:math {vb:stylevar padding}*2};
	overflow: hidden;
}
.prefooter-block-03 ul li {
	float: {vb:stylevar left};
	margin-{vb:stylevar right}: 6px;
}
.prefooter-block-03 ul li a {
	display: block;
	width: 37px;
	height: 37px;
	background-image: url({vb:stylevar imgdir_misc}/social-icons.png);
	background-attachment: scroll;
	background-repeat: no-repeat;

}
.prefooter-block-03 ul li a.twitter {
	background-position: -76px top;
}
.prefooter-block-03 ul li a.twitter:hover {
	background-position: -76px -37px;
}
.prefooter-block-03 ul li a.facebook {
	background-position: -38px top;
}
.prefooter-block-03 ul li a.facebook:hover {
	background-position: -38px -37px;
}
.prefooter-block-03 ul li a.youtube {
	background-position: -152px top;
}
.prefooter-block-03 ul li a.youtube:hover {
	background-position: -152px -37px;
}
.prefooter-block-03 ul li a.gplus {
	background-position: 0 top;
}
.prefooter-block-03 ul li a.gplus:hover {
	background-position: 0 -37px;
}
.prefooter-block-03 ul li a.myspace {
	background-position: -114px top;
}
.prefooter-block-03 ul li a.myspace:hover {
	background-position: -114px -37px;
}
.prefooter-block-04 a {
	color: #ffffff;
	text-decoration: underline;
}
.prefooter-block-04 a:hover {
	color: #ffffff;
	text-decoration: none;
}
#footer_divider {
	border-bottom: 1px solid #E4E4E4;
	clear: both;
	padding-top: 48px;
}	
		
	]]></template>
		<template name="metro_theme_prefooter_blocks" templatetype="template" date="1353888000" username="PixelGoose" version="1.0.0"><![CDATA[<vb:if condition="$vboptions[prefooter_blocks_enable]">
<div style="clear:both;"></div>


<table class="prefooter" width="100%" border="0">
  <tr>
    <td class="column-left">
		<vb:if condition="$vboptions[block_01_enable]">
				<div class="prefooter-block-01 <vb:if condition="!$vboptions[block_02_enable]">single</vb:if>">
					<vb:if condition="$vboptions[block_01_title]"><h6>{vb:raw vboptions.block_01_title}</h6></vb:if>
		{vb:raw vboptions.block_01_content}
				</div>
		</vb:if>
		<vb:if condition="$vboptions[block_02_enable]">
				<div class="prefooter-block-02">
					<vb:if condition="$vboptions[block_02_title]"><h6>{vb:raw vboptions.block_02_title}</h6></vb:if>
		{vb:raw vboptions.block_02_content}
				</div>
		</vb:if>
    </td>
	<vb:if condition="$vboptions[social_networks_links_enable] OR $vboptions[block_04_enable]">
	<td class="column-right" width="244">
		<vb:if condition="$vboptions[social_networks_links_enable]">
			<div class="prefooter-block-03">
				<vb:if condition="$vboptions[block_03_title]"><h6>{vb:raw vboptions.block_03_title}</h6></vb:if>
				<ul>
					<vb:if condition="$vboptions[social_link_tw]"><li><a class="twitter" target="_blank" href="{vb:raw vboptions.social_link_tw}"></a></li></vb:if>
					<vb:if condition="$vboptions[social_link_fb]"><li><a class="facebook" target="_blank" href="{vb:raw vboptions.social_link_fb}"></a></li></vb:if>
					<vb:if condition="$vboptions[social_link_gp]"><li><a class="gplus" target="_blank" href="{vb:raw vboptions.social_link_gp}"></a></li></vb:if>
					<vb:if condition="$vboptions[social_link_yt]"><li><a class="youtube" target="_blank" href="{vb:raw vboptions.social_link_yt}"></a></li></vb:if>
					<vb:if condition="$vboptions[social_link_ms]"><li><a class="myspace" target="_blank" href="{vb:raw vboptions.social_link_ms}"></a></li></vb:if>
				</ul>
			</div>
		</vb:if>
		<vb:if condition="$vboptions[block_04_enable]">
			<div class="prefooter-block-04">
				<vb:if condition="$vboptions[block_04_title]"><h6>{vb:raw vboptions.block_04_title}</h6></vb:if>
		{vb:raw vboptions.block_04_content}
			</div>
		</vb:if>
    </td>
	</vb:if>
  </tr>
</table>
<vb:else />
<div id="footer_divider"></div>
</vb:if> 

]]></template>
	</templates>
	<stylevardfns>
	</stylevardfns>
	<stylevars>
	</stylevars>
	<plugins>
		<plugin active="1" executionorder="5">
			<title><![CDATA[Prefooter Blocks]]></title> 
			<hookname>parse_templates</hookname>
			<phpcode><![CDATA[$templater = vB_Template::create('metro_theme_prefooter_blocks');
			$templatevalues['metro_theme_prefooter_blocks'] = $templater->render();
			vB_Template::preRegister('footer', $templatevalues);
		]]></phpcode>
		</plugin>
		<plugin active="1" executionorder="5">
			<title><![CDATA[Prefooter CSS Template]]></title>
			<hookname>parse_templates</hookname>
			<phpcode><![CDATA[if ($vbulletin->options['storecssasfile'])
			{
				$template_hook['custom_css_links'] .= '<link type="text/css" rel="stylesheet" href="' . vB_Template::fetch_css_path() . 'metro_theme_prefooter_blocks.css' . '?d=' . $style['dateline'] . '" />';
			}
			else
			{
				$template_hook['custom_css_list'] .= ' ,metro_theme_prefooter_blocks.css';
			}]]></phpcode>
		</plugin>		
		<plugin active="1">
			<title><![CDATA[Prefooter Blocks [Template Cache]]]></title>
			<hookname>cache_templates</hookname>
			<phpcode><![CDATA[
				$cache[] = 'metro_theme_prefooter_blocks';
			]]></phpcode>
		</plugin>
	</plugins>
	<phrases>
	<phrasetype name="vBulletin Settings" fieldname="vbsettings">
	    <phrase name="settinggroup_metro_theme"><![CDATA[Metro Theme Management]]></phrase> 
		
		<phrase name="setting_prefooter_blocks_enable_title"><![CDATA[Enable prefooter blocks?]]></phrase>
		<phrase name="setting_prefooter_blocks_enable_desc"><![CDATA[You can enable and disable the prefooter blocks]]></phrase>
		
		<phrase name="setting_block_01_enable_title"><![CDATA[Enable Block 01?]]></phrase>
		<phrase name="setting_block_01_enable_desc"><![CDATA[You can enable and disable Block 01]]></phrase>
		<phrase name="setting_block_01_title_title"><![CDATA[Block 01 Title]]></phrase>
		<phrase name="setting_block_01_title_desc"><![CDATA[Name Block 01. It can be 'About Us' e.g.]]></phrase>
		<phrase name="setting_block_01_content_title"><![CDATA[Block 01 Content]]></phrase>
		<phrase name="setting_block_01_content_desc"><![CDATA[Enter your own custom content for Block 01. You can use HTML.]]></phrase>
		
		<phrase name="setting_block_02_enable_title"><![CDATA[Enable Block 02?]]></phrase>
		<phrase name="setting_block_02_enable_desc"><![CDATA[You can enable and disable Block 02]]></phrase>
		<phrase name="setting_block_02_title_title"><![CDATA[Block 02 Title]]></phrase>
		<phrase name="setting_block_02_title_desc"><![CDATA[Name Block 02. It can be 'Links' e.g.]]></phrase>
		<phrase name="setting_block_02_content_title"><![CDATA[Block 02 Content]]></phrase>
		<phrase name="setting_block_02_content_desc"><![CDATA[You can add your links here. HTML is allowed.]]></phrase>

		<phrase name="setting_block_03_title_title"><![CDATA[Social Neworks Links Block Title]]></phrase>
		<phrase name="setting_block_03_title_desc"><![CDATA[Name Social Neworks Links. It can be 'Join us' e.g.]]></phrase>
		<phrase name="setting_social_networks_links_enable_title"><![CDATA[Enable Social Network Links?]]></phrase>
		<phrase name="setting_social_networks_links_enable_desc"><![CDATA[You can enable and disable the Social Network Links Block.]]></phrase>
		
		<phrase name="setting_social_link_fb_title"><![CDATA[Facebook Link]]></phrase>
		<phrase name="setting_social_link_fb_desc"><![CDATA[Add your Facebook link here]]></phrase>
		<phrase name="setting_social_link_tw_title"><![CDATA[Twitter Link]]></phrase>
		<phrase name="setting_social_link_tw_desc"><![CDATA[Add your Twitter link here]]></phrase>
		<phrase name="setting_social_link_gp_title"><![CDATA[Google Plus Link]]></phrase>
		<phrase name="setting_social_link_gp_desc"><![CDATA[Add your Google Plus link here]]></phrase>
		<phrase name="setting_social_link_yt_title"><![CDATA[YouTube Link]]></phrase>
		<phrase name="setting_social_link_yt_desc"><![CDATA[Add your YouTube link here]]></phrase>
		<phrase name="setting_social_link_ms_title"><![CDATA[Myspace Link]]></phrase>
		<phrase name="setting_social_link_ms_desc"><![CDATA[Add your Myspace link here]]></phrase>
		
		<phrase name="setting_block_04_enable_title"><![CDATA[Enable Block 04?]]></phrase>
		<phrase name="setting_block_04_enable_desc"><![CDATA[You can enable and disable Block 04]]></phrase>
		<phrase name="setting_block_04_title_title"><![CDATA[Block 04 Title]]></phrase>
		<phrase name="setting_block_04_title_desc"><![CDATA[Name Block 04]]></phrase>
		<phrase name="setting_block_04_content_title"><![CDATA[Block 04 Content]]></phrase>
		<phrase name="setting_block_04_content_desc"><![CDATA[You can add some content here. HTML is allowed.]]></phrase>
	</phrasetype>
</phrases>
	<options>
	<settinggroup name="metro_theme" displayorder="65535">
		<setting varname="prefooter_blocks_enable" displayorder="10">
			<datatype>free</datatype>
			<optioncode>yesno</optioncode>
			<defaultvalue>0</defaultvalue>
		</setting>
		<setting varname="block_01_enable" displayorder="20">
			<datatype>free</datatype>
			<optioncode>yesno</optioncode>
			<defaultvalue>0</defaultvalue>
		</setting>
		<setting varname="block_01_title" displayorder="30">
			<datatype>free</datatype>
			<defaultvalue><![CDATA[About us]]></defaultvalue>
		</setting>
		<setting varname="block_01_content" displayorder="40">
			<datatype>free</datatype>
			<optioncode>textarea</optioncode>
			<defaultvalue><![CDATA[Enter here your custom content for Block 01]]></defaultvalue>
		</setting>
		<setting varname="block_02_enable" displayorder="50">
			<datatype>free</datatype>
			<optioncode>yesno</optioncode>
			<defaultvalue>0</defaultvalue>
		</setting>
		<setting varname="block_02_title" displayorder="60">
			<datatype>free</datatype>
			<defaultvalue><![CDATA[Links]]></defaultvalue>
		</setting>
		<setting varname="block_02_content" displayorder="70">
			<datatype>free</datatype>
			<optioncode>textarea</optioncode>
			<defaultvalue><![CDATA[Enter your links here]]></defaultvalue>
		</setting>
		<setting varname="social_networks_links_enable" displayorder="80">
			<datatype>free</datatype>
			<optioncode>yesno</optioncode>
			<defaultvalue>0</defaultvalue>
		</setting>
		<setting varname="block_03_title" displayorder="90">
			<datatype>free</datatype>
			<defaultvalue><![CDATA[Join us]]></defaultvalue>
		</setting>
		<setting varname="social_link_tw" displayorder="100">
			<datatype>free</datatype>
			<defaultvalue><![CDATA[]]></defaultvalue>
		</setting>
		<setting varname="social_link_fb" displayorder="110">
			<datatype>free</datatype>
			<defaultvalue><![CDATA[]]></defaultvalue>
		</setting>
		<setting varname="social_link_gp" displayorder="120">
			<datatype>free</datatype>
			<defaultvalue><![CDATA[]]></defaultvalue>
		</setting>
		<setting varname="social_link_yt" displayorder="130">
			<datatype>free</datatype>
			<defaultvalue><![CDATA[]]></defaultvalue>
		</setting>
		<setting varname="social_link_ms" displayorder="140">
			<datatype>free</datatype>
			<defaultvalue><![CDATA[]]></defaultvalue>
		</setting>
		<setting varname="block_04_enable" displayorder="150">
			<datatype>free</datatype>
			<optioncode>yesno</optioncode>
			<defaultvalue>0</defaultvalue>
		</setting>
		<setting varname="block_04_title" displayorder="160">
			<datatype>free</datatype>
			<defaultvalue><![CDATA[Title]]></defaultvalue>
		</setting>
		<setting varname="block_04_content" displayorder="170">
			<datatype>free</datatype>
			<optioncode>textarea</optioncode>
			<defaultvalue><![CDATA[Enter your content here]]></defaultvalue>
		</setting>
	</settinggroup>
</options>
	<helptopics>
	</helptopics>
	<cronentries>
	</cronentries>
	<faqentries>
	</faqentries>
</product>
