<?xml version="1.0" encoding="UTF-8"?>
<book title="MovieClip Tweening Prototypes" directory="MovieclipTweening" language="en" version="1.2.0">
	<level1 name="MovieClip &amp; TextField Tweening Prototypes" href="index.html" />
	<level1 href="alphaTo.html" name="MovieClip.alphaTo() , TextField.alphaTo()" />
	<level1 href="brightnessTo.html" name="MovieClip.brightnessTo() , TextField.brightnessTo()" />
	<level1 href="brightOffsetTo.html" name="MovieClip.brightOffsetTo(), TextField.brightOffsetTo()" />
	<level1 href="colorTo.html" name="MovieClip.colorTo()" />
	<level1 href="colorTransformTo.html" name="MovieClip.colorTransformTo() , TextField.colorTransformTo()" />
	<level1 href="contrastTo.html" name="MovieClip.contrastTo() , TextField.contrastTo()" />
	<level1 href="ffTween.html" name="MovieClip.ffTween() , TextField.ffTween()" />
	<level1 href="frameTo.html" name="MovieClip.frameTo()" />
	<level1 href="getTweens.html" name="MovieClip.getTweens(), TextField.getTweens()" />
	<level1 href="invertColorTo.html" name="MovieClip.invertColorTo() , TextField.invertColorTo()" />
	<level1 href="isTweening.html" name="MovieClip.isTweening() , TextField.isTweening()" />
	<level1 href="isTweenLocked.html" name="MovieClip.isTweenLocked() , TextField.isTweenLocked()" />
	<level1 href="isTweenPaused.html" name="MovieClip.isTweenPaused() , TextField.isTweenPaused()" />
	<level1 href="lockTween.html" name="MovieClip.lockTween() , TextField.lockTween()" />
	<level1 href="pauseAllTweens.html" name="MovieClip.pauseAllTweens() , TextField.pauseAllTweens()" />
	<level1 href="pauseTween.html" name="MovieClip.pauseTween() , TextField.pauseTween()" />
	<level1 href="rewTween.html" name="MovieClip.rewTween() , TextField.rewTween()" />
	<level1 href="rotateTo.html" name="MovieClip.rotateTo() , TextField.rotateTo()" />
	<level1 href="scaleTo.html" name="MovieClip.scaleTo() , TextField.scaleTo()" />
	<level1 href="sizeTo.html" name="MovieClip.sizeTo() , TextField.sizeTo()" />
	<level1 href="slideTo.html" name="MovieClip.slideTo() , TextField.slideTo()" />
	<level1 href="stopAllTweens.html" name="MovieClip.stopAllTweens() , TextField.stopAllTweens()" />
	<level1 href="stopTween.html" name="MovieClip.stopTween() , TextField.stopTween()" />
	<level1 href="tintTo.html" name="MovieClip.tintTo() , TextField.tintColorTo()" />
	<level1 href="tween.html" name="MovieClip.tween(), TextField.tween()" />
	<level1 href="unlockTween.html" name="MovieClip.unlockTween() , TextField.unlockTween()" />
	<level1 href="unpauseAllTweens.html" name="MovieClip.unpauseAllTweens() , TextField.unpauseAllTweens()" />
	<level1 href="unpauseTween.html" name="MovieClip.unpauseTween() , TextField.unpauseTween()" />
	<level1 href="customEasing.html" name="Custom Easing Tool" />
	<level1 href="tweenManager.html" name="tweenManager class" />
	<level1 href="v120updates.html" name="Updates to version .120" />
</book>
